{
  "project_info": {
    "project_number": "773005896571",
    "project_id": "heromodelapp",
    "storage_bucket": "heromodelapp.appspot.com"
  },
  "client": [
    {
      "client_info": {
        "mobilesdk_app_id": "1:773005896571:android:9cfbc37598538d01fc6bde",
        "android_client_info": {
          "package_name": "com.example.heromodelapp"
        }
      },
      "oauth_client": [],
      "api_key": [
        {
          "current_key": "AIzaSyBaow4qsu9kWdUI6k2WLn8VCQC-Kew_UtA"
        }
      ],
      "services": {
        "appinvite_service": {
          "other_platform_oauth_client": []
        }
      }
    }
  ],
  "configuration_version": "1"
}